{
  "Total" : {
    "transaction" : "Total",
    "sampleCount" : 201,
    "errorCount" : 0,
    "errorPct" : 0.0,
    "meanResTime" : 1255.2686567164176,
    "medianResTime" : 1267.0,
    "minResTime" : 1101.0,
    "maxResTime" : 3212.0,
    "pct1ResTime" : 1278.0,
    "pct2ResTime" : 1353.0,
    "pct3ResTime" : 1960.2799999999997,
    "throughput" : 0.7962130365030007,
    "receivedKBytesPerSec" : 2.866643910059617,
    "sentKBytesPerSec" : 1.9885558302303472
  },
  "Access Token" : {
    "transaction" : "Access Token",
    "sampleCount" : 1,
    "errorCount" : 0,
    "errorPct" : 0.0,
    "meanResTime" : 3212.0,
    "medianResTime" : 3212.0,
    "minResTime" : 3212.0,
    "maxResTime" : 3212.0,
    "pct1ResTime" : 3212.0,
    "pct2ResTime" : 3212.0,
    "pct3ResTime" : 3212.0,
    "throughput" : 0.31133250311332505,
    "receivedKBytesPerSec" : 1.3556949525217932,
    "sentKBytesPerSec" : 0.1365120057596513
  },
  "Reviews Request" : {
    "transaction" : "Reviews Request",
    "sampleCount" : 100,
    "errorCount" : 0,
    "errorPct" : 0.0,
    "meanResTime" : 1240.4499999999996,
    "medianResTime" : 1268.0,
    "minResTime" : 1105.0,
    "maxResTime" : 1803.0,
    "pct1ResTime" : 1280.9,
    "pct2ResTime" : 1347.3499999999997,
    "pct3ResTime" : 1801.6999999999994,
    "throughput" : 0.4044211318129795,
    "receivedKBytesPerSec" : 1.8184693506917624,
    "sentKBytesPerSec" : 1.0146073121362738
  },
  "Transaction Controller" : {
    "transaction" : "Transaction Controller",
    "sampleCount" : 100,
    "errorCount" : 0,
    "errorPct" : 0.0,
    "meanResTime" : 2490.98,
    "medianResTime" : 2532.5,
    "minResTime" : 2210.0,
    "maxResTime" : 3325.0,
    "pct1ResTime" : 2615.3,
    "pct2ResTime" : 2841.8499999999976,
    "pct3ResTime" : 3323.7199999999993,
    "throughput" : 0.40123580628335276,
    "receivedKBytesPerSec" : 2.886151064027204,
    "sentKBytesPerSec" : 2.012448340889941
  },
  "Books Request" : {
    "transaction" : "Books Request",
    "sampleCount" : 100,
    "errorCount" : 0,
    "errorPct" : 0.0,
    "meanResTime" : 1250.5199999999998,
    "medianResTime" : 1267.0,
    "minResTime" : 1101.0,
    "maxResTime" : 1961.0,
    "pct1ResTime" : 1274.9,
    "pct2ResTime" : 1353.0,
    "pct3ResTime" : 1960.6399999999999,
    "throughput" : 0.4032908533634457,
    "receivedKBytesPerSec" : 1.087546252419745,
    "sentKBytesPerSec" : 1.0109840044765284
  }
}