{
  "Total" : {
    "transaction" : "Total",
    "sampleCount" : 201,
    "errorCount" : 0,
    "errorPct" : 0.0,
    "meanResTime" : 253.73631840796,
    "medianResTime" : 230.0,
    "minResTime" : 224.0,
    "maxResTime" : 3230.0,
    "pct1ResTime" : 239.0,
    "pct2ResTime" : 244.0,
    "pct3ResTime" : 1338.0599999999909,
    "throughput" : 3.9329250396227526,
    "receivedKBytesPerSec" : 14.162535220224235,
    "sentKBytesPerSec" : 10.063330671434441
  },
  "Access Token" : {
    "transaction" : "Access Token",
    "sampleCount" : 1,
    "errorCount" : 0,
    "errorPct" : 0.0,
    "meanResTime" : 3230.0,
    "medianResTime" : 3230.0,
    "minResTime" : 3230.0,
    "maxResTime" : 3230.0,
    "pct1ResTime" : 3230.0,
    "pct2ResTime" : 3230.0,
    "pct3ResTime" : 3230.0,
    "throughput" : 0.30959752321981426,
    "receivedKBytesPerSec" : 1.3729319852941178,
    "sentKBytesPerSec" : 0.13605359907120743
  },
  "Reviews Request" : {
    "transaction" : "Reviews Request",
    "sampleCount" : 100,
    "errorCount" : 0,
    "errorPct" : 0.0,
    "meanResTime" : 233.17000000000007,
    "medianResTime" : 231.0,
    "minResTime" : 226.0,
    "maxResTime" : 259.0,
    "pct1ResTime" : 241.9,
    "pct2ResTime" : 245.89999999999998,
    "pct3ResTime" : 258.96999999999997,
    "throughput" : 2.149751703678225,
    "receivedKBytesPerSec" : 9.666324945718769,
    "sentKBytesPerSec" : 5.525533675860438
  },
  "Transaction Controller" : {
    "transaction" : "Transaction Controller",
    "sampleCount" : 100,
    "errorCount" : 0,
    "errorPct" : 0.0,
    "meanResTime" : 477.71,
    "medianResTime" : 461.0,
    "minResTime" : 452.0,
    "maxResTime" : 1602.0,
    "pct1ResTime" : 475.9,
    "pct2ResTime" : 493.34999999999985,
    "pct3ResTime" : 1592.8899999999953,
    "throughput" : 2.0888601090384977,
    "receivedKBytesPerSec" : 15.026635414273182,
    "sentKBytesPerSec" : 10.733966693125561
  },
  "Books Request" : {
    "transaction" : "Books Request",
    "sampleCount" : 100,
    "errorCount" : 0,
    "errorPct" : 0.0,
    "meanResTime" : 244.53999999999996,
    "medianResTime" : 229.0,
    "minResTime" : 224.0,
    "maxResTime" : 1356.0,
    "pct1ResTime" : 237.9,
    "pct2ResTime" : 240.95,
    "pct3ResTime" : 1347.0299999999954,
    "throughput" : 2.099252666050886,
    "receivedKBytesPerSec" : 5.6621395517570745,
    "sentKBytesPerSec" : 5.391635265345537
  }
}